Nombre,Apellidos
Cletis,Ruckert
Dena,Littleton
Joel,Downing
Phillie,Spinetti
Wylie,Letson
Avrit,Spinke
Abelard,McCreagh
Hendrick,Turbat
Gerry,Metson
Katey,Shufflebotham
Di,Faussett
Johanna,King
Catherina,Drysdall
Glenden,Segrott
Griff,O'Sheerin
Simone,McMichell
Marabel,Haithwaite
Berri,Bendson
Melonie,Brient
Alisun,Segar
Mariya,Tarbath
Rosaline,Stotherfield
Ellswerth,Duff
Sherlock,Bunson
Rosalind,Demetr
Florina,Bacup
Cal,Ballintime
Randene,Voules
Carleton,Pole
Raine,Antrag
Kipp,Baudon
Wynnie,Mardall
Catharine,Ridgley
Pierre,Deftie
Haze,Casarino
Ashia,Peyntue
William,McCheyne
Bo,Beeson
Manda,Greenrod
Allina,Alcido
Isacco,Nicklen
Stefan,Jeafferson
Antonetta,Burdess
Greg,Brittian
Hyman,Bywaters
Tersina,Averay
Earl,Aynold
Aundrea,Hoxey
Owen,Stelle
Nicolea,Helliar
Mikaela,Goosnell
Alard,Mussalli
Basile,Balleine
Lamont,Jahnel
Dianne,Samart
Brok,Clapton
Pall,Nash
Stafford,Zavittieri
Denney,McGarrell
Susana,Aleavy
Dyan,O'Feeny
Fidel,Derx
Babb,Jelks
Roma,Dinwoodie
Beitris,Nesey
Britni,Feldmann
Huntington,Drakes
Rayner,Zecchinelli
Mano,Joyner
Gage,Gotecliffe
Ogden,Widmoor
Tudor,Staunton
Langston,Digle
Fonsie,McMichan
Mellie,Kenworthy
Shurlock,Ewers
Celeste,Cottem
Magdalena,Greatbatch
Lisabeth,Jentet
Zachary,Chapple
Thedric,Pierse
Cathy,Mickelwright
Victor,Cham
Gradey,Fullilove
Pen,Avard
Ivette,Deeprose
Courtenay,Rowthorne
Cherey,Setchell
Karen,Holson
Craggie,Swindle
Suzy,Marvell
Brandi,Kubicki
Berte,Jarmaine
Idette,De Bruyne
Calvin,Lesek
Ezri,Broggio
Hana,Wrangle
Engelbert,Leband
Charlotte,Reedick
Hillie,Turpey
